{"frameRate":24,"isGlobal":0,"name":"giant_foot2","version":"5.0","armature":[{"skin":[{"name":"","slot":[{"display":[{"vertices":[-156.165,-506.625,143.835,-506.625,-53.065,249.275,186.335,281.025,16.56,134.3,45.21,-74.625,123.835,-304.4,-114.315,-185.625,-156.165,-36.9,-156.165,-279.4,-92.115,80.825,-86.74,121.125,-111.24,217.5,-27.765,287.15,25.835,315.375,114.335,315.375,186.335,220.625,81.31,-114.625,-156.165,-74.33],"edges":[0,1,5,4,1,6,7,9,9,0,10,8,11,10,2,12,12,11,13,2,14,13,3,15,15,14,4,16,16,3,6,17,8,18,18,7,17,5],"path":"o巨人o/儗僀儎乕_9","weights":[1,1,1,1,1,1,2,3,0.6122469222386857,2,0.3877530777613143,1,3,1,2,2,0.6090829649464583,3,0.3909170350535418,1,2,1,1,1,1,2,1,0.4977908418814906,2,0.5022091581185094,1,2,1,1,1,1,1,2,1,2,2,0.7084944885625114,3,0.2915055114374885,2,3,0.5285763822609325,2,0.4714236177390675,1,3,1,1,3,1,1,3,1,1,3,1,1,2,1,1,2,1],"userEdges":[],"bonePose":[1,-0.31239670063250335,2.417725408668705,-2.417725408668705,-0.31239670063250335,-239.625,-606.125,2,-0.031004701832145765,2.437627239500049,-2.437627239500049,-0.031004701832145765,-277.95978883530535,-329.31003833075204,3,2.1582579811193843,1.1335388556299288,-1.1335388556299288,2.1582579811193843,-276.497094189761,6.561219652345017],"uvs":[0,0,0.87591,0,0.30102,0.91959,1,0.95821,0.50431,0.77971,0.58796,0.52555,0.81752,0.24602,0.12219,0.39051,0,0.57144,0,0.27643,0.18701,0.71466,0.2027,0.76369,0.13117,0.88093,0.37489,0.96566,0.53139,1,0.78978,1,1,0.88473,0.69336,0.47689,0,0.52591],"type":"mesh","transform":{"scY":0.4102,"y":-71.0468,"skX":-27.7089,"skY":-27.7089,"scX":0.4102,"x":-24.3525},"slotPose":[1,-5.551115123125783e-17,5.551115123125783e-17,1,-248.52171153878976,-174.38058584688028],"width":342,"height":822,"name":"o巨人o/儗僀儎乕_9","triangles":[4,15,16,16,15,3,4,14,15,7,17,6,0,9,6,0,6,1,4,13,14,9,7,6,2,13,4,10,4,5,7,5,17,7,18,5,8,10,5,18,8,5,11,2,4,10,11,4,11,12,2]}],"name":"o巨人o/儗僀儎乕_9"}]}],"ik":[],"type":"Armature","name":"born","bone":[{"name":"root","transform":{}},{"length":113.5,"transform":{"scY":2.4378,"y":-606.125,"skX":97.3625,"skY":97.3625,"scX":2.4378,"x":-239.625},"parent":"root","name":"儗僀儎乕_11"},{"length":129.5,"transform":{"y":1.0444,"skX":-6.6337,"skY":-6.6337,"x":114.6289},"parent":"儗僀儎乕_11","name":"儗僀儎乕_10"},{"length":47,"transform":{"y":-2.3522,"skX":-63.0198,"skY":-63.0198,"x":137.75625},"parent":"儗僀儎乕_10","name":"儗僀儎乕_13"}],"aabb":{"width":342.5,"y":-578.0426911100382,"height":822,"x":-429.57750101247393},"slot":[{"displayIndex":-1,"name":"儗僀儎乕_11_偺僐僺乕_2","parent":"root","color":{}},{"displayIndex":-1,"z":1,"name":"儗僀儎乕_8","parent":"root","color":{}},{"displayIndex":-1,"z":2,"name":"儗僀儎乕_7_偺僐僺乕","parent":"root","color":{}},{"displayIndex":-1,"z":3,"name":"儗僀儎乕_9","parent":"root","color":{}},{"z":4,"name":"o巨人o/儗僀儎乕_9","parent":"儗僀儎乕_13","color":{}}],"animation":[{"frame":[],"duration":32,"bone":[{"frame":[{"duration":32,"transform":{}}],"name":"root"},{"frame":[{"tweenEasing":0,"duration":4,"transform":{"skX":17.1122,"skY":17.1122}},{"tweenEasing":0,"duration":4,"transform":{"skX":5.9835,"skY":5.9835}},{"tweenEasing":0,"duration":4,"transform":{"skX":-21.5947,"skY":-21.5947}},{"tweenEasing":0,"duration":4,"transform":{"skX":-48.7841,"skY":-48.7841}},{"tweenEasing":0,"duration":4,"transform":{"skX":-52.6487,"skY":-52.6487}},{"tweenEasing":0,"duration":4,"transform":{"skX":-54.5902,"skY":-54.5902}},{"tweenEasing":0,"duration":4,"transform":{"skX":-21.4925,"skY":-21.4925}},{"tweenEasing":0,"duration":4,"transform":{"skX":17.1122,"skY":17.1122}},{"duration":0,"transform":{"skX":17.1122,"skY":17.1122}}],"name":"儗僀儎乕_11"},{"frame":[{"tweenEasing":0,"duration":4,"transform":{"skX":42.4721,"skY":42.4721}},{"tweenEasing":0,"duration":4,"transform":{"skX":67.1818,"skY":67.1818}},{"tweenEasing":0,"duration":4,"transform":{"skX":93.0108,"skY":93.0108}},{"tweenEasing":0,"duration":4,"transform":{"skX":71.7593,"skY":71.7593}},{"tweenEasing":0,"duration":4,"transform":{"skX":14.065,"skY":14.065}},{"tweenEasing":0,"duration":4,"transform":{"skX":55.8621,"skY":55.8621}},{"tweenEasing":0,"duration":4,"transform":{"skX":51.1564,"skY":51.1564}},{"tweenEasing":0,"duration":4,"transform":{"skX":16.2782,"skY":16.2782}},{"duration":0,"transform":{"skX":42.4721,"skY":42.4721}}],"name":"儗僀儎乕_10"},{"frame":[{"tweenEasing":0,"duration":20,"transform":{"skX":-52.1639,"skY":-52.1639}},{"tweenEasing":0,"duration":4,"transform":{"skX":-17.8379,"skY":-17.8379}},{"tweenEasing":0,"duration":8,"transform":{"skX":-52.1639,"skY":-52.1639}},{"duration":0,"transform":{"skX":-52.1639,"skY":-52.1639}}],"name":"儗僀儎乕_13"}],"slot":[],"ffd":[],"ik":[],"name":"walk","playTimes":0},{"frame":[],"duration":0,"bone":[{"frame":[{"duration":0,"transform":{}}],"name":"root"},{"frame":[{"duration":0,"transform":{}}],"name":"儗僀儎乕_11"},{"frame":[{"duration":0,"transform":{}}],"name":"儗僀儎乕_10"},{"frame":[{"duration":0,"transform":{}}],"name":"儗僀儎乕_13"}],"slot":[],"ffd":[],"ik":[],"name":"stay","playTimes":0}],"frameRate":24,"defaultActions":[{"gotoAndPlay":"walk"}]}]}