{"frameRate":24,"isGlobal":0,"name":"giant_foot","version":"5.0","armature":[{"skin":[{"name":"","slot":[{"display":[],"name":"儗僀儎乕_5"},{"display":[{"vertices":[-194,-297.775,72.45,-258.075,-89.25,296.2,194,379,110.375,356.6,142.85,379,-97.075,266.4,-73.575,188.175,-96.825,123.75,-129.675,97.65,-156.25,51.75,-150.75,-16.75,-128.35,-86.25,-194,-208.175,-53.65,-379,30.475,-379,74.5,-191.75,60.85,-37.4,23.85,199.2,194,283.85,32.2,-2.275,50.25,-79.675,58.745,367.705,-5.935,316.485,-52.9,318.13,-75.255,162.125,-170.89,-146.53],"edges":[3,5,5,4,2,6,6,7,8,9,9,10,10,11,11,12,0,14,14,15,15,1,1,16,18,19,19,3,17,20,20,18,16,21,21,17,4,22,22,23,23,24,24,2,7,25,25,8,12,26,26,13,13,0],"path":"巨人/儗僀儎乕_5","weights":[1,1,1,1,1,1,2,3,0.5130419622664295,2,0.4869580377335705,1,3,1,1,3,1,1,3,1,2,3,0.5012408102196687,2,0.4987591897803311,2,2,0.6953608654257974,3,0.3046391345742026,1,2,1,1,2,1,1,2,1,1,2,1,1,1,1,1,1,1,1,1,1,1,1,1,1,1,1,2,1,0.4496727261601111,2,0.5503272738398888,2,2,0.6132768195997343,3,0.38672318040026576,1,3,1,2,1,0.28717697477182896,2,0.7128230252281711,2,1,0.483636977674029,2,0.5163630223259709,1,3,1,2,3,0.6793087041420196,2,0.3206912958579805,2,3,0.5321904349903648,2,0.46780956500963516,2,2,0.7806465223966135,3,0.21935347760338644,1,1,1],"userEdges":[],"bonePose":[1,0.06743357602821487,2.389909651204665,-2.389909651204665,0.06743357602821487,52.3,-264.675,2,0.015179762691830252,2.390812623963195,-2.390812623963195,0.015179762691830252,63.65658886270179,8.122218786162762,3,2.069192187068687,1.1977725665046186,-1.1977725665046186,2.069192187068687,67.42219464349238,315.0489756807609],"uvs":[0,0.10716,0.68673,0.15953,0.26997,0.89077,1,1,0.78447,0.97045,0.86817,1,0.24981,0.85145,0.31037,0.74825,0.25045,0.66326,0.16579,0.62883,0.09729,0.56827,0.11147,0.4779,0.1692,0.38621,0,0.22536,0.36173,0,0.57854,0,0.69201,0.24703,0.65683,0.45066,0.56147,0.7628,1,0.87447,0.58299,0.497,0.62951,0.39489,0.6514,0.9851,0.48471,0.91753,0.36366,0.9197,0.30605,0.71389,0.05956,0.30669],"type":"mesh","transform":{"scY":0.4183,"y":-10.55,"skX":-89.6362,"skY":-89.6362,"scX":0.4183,"x":27.09855},"slotPose":[1.0000000000000004,5.551115123125783e-17,-5.551115123125783e-17,1.0000000000000004,89.29099553221104,72.74962720819377],"width":388,"height":758,"name":"巨人/儗僀儎乕_5","triangles":[5,3,19,4,5,19,18,4,19,23,22,4,18,23,4,25,18,20,8,25,20,13,26,1,15,14,1,12,21,16,1,26,16,26,12,16,14,13,1,21,20,17,0,13,14,12,20,21,6,24,23,6,23,18,7,6,18,10,9,20,11,10,20,12,11,20,9,8,20,25,7,18,6,2,24]}],"name":"巨人/儗僀儎乕_5"}]}],"ik":[],"type":"Armature","name":"born","bone":[{"name":"root","transform":{}},{"length":112.5,"transform":{"scY":2.3909,"y":-264.675,"skX":88.3838,"skY":88.3838,"scX":2.3909,"x":52.3},"parent":"root","name":"儗僀儎乕_11_偺僐僺乕"},{"length":126,"transform":{"y":-1.52995,"skX":1.2524,"skY":1.2524,"x":114.1886},"parent":"儗僀儎乕_11_偺僐僺乕","name":"儗僀儎乕_10_偺僐僺乕"},{"length":52,"transform":{"y":-0.7599,"skX":-59.5714,"skY":-59.5714,"x":128.3824},"parent":"儗僀儎乕_10_偺僐僺乕","name":"儗僀儎乕_12"}],"aabb":{"width":388,"y":-243.16274527159743,"height":758,"x":-127.81401581166976},"slot":[{"displayIndex":-1,"name":"儗僀儎乕_11_偺僐僺乕_2","parent":"root","color":{}},{"displayIndex":-1,"z":1,"name":"儗僀儎乕_8","parent":"root","color":{}},{"displayIndex":-1,"z":2,"name":"儗僀儎乕_7_偺僐僺乕","parent":"root","color":{}},{"displayIndex":-1,"z":3,"name":"儗僀儎乕_5","parent":"root","color":{}},{"z":4,"name":"巨人/儗僀儎乕_5","parent":"儗僀儎乕_10_偺僐僺乕","color":{}}],"animation":[{"frame":[],"duration":32,"bone":[{"frame":[{"duration":32,"transform":{}}],"name":"root"},{"frame":[{"tweenEasing":0,"duration":4,"transform":{"skX":-41.3026,"skY":-41.3026}},{"tweenEasing":0,"duration":4,"transform":{"skX":-26.8539,"skY":-26.8539}},{"tweenEasing":0,"duration":4,"transform":{"skX":-12.0588,"skY":-12.0588}},{"tweenEasing":0,"duration":8,"transform":{"skX":21.3091,"skY":21.3091}},{"tweenEasing":0,"duration":4,"transform":{"skX":27.4758,"skY":27.4758}},{"tweenEasing":0,"duration":4,"transform":{"skX":-35.7197,"skY":-35.7197}},{"tweenEasing":0,"duration":4,"transform":{"skX":-41.3026,"skY":-41.3026}},{"duration":0,"transform":{"skX":-41.3026,"skY":-41.3026}}],"name":"儗僀儎乕_11_偺僐僺乕"},{"frame":[{"tweenEasing":0,"duration":4,"transform":{"skX":39.2834,"skY":39.2834}},{"tweenEasing":0,"duration":4,"transform":{"skX":38.1537,"skY":38.1537}},{"tweenEasing":0,"duration":4,"transform":{"skX":43.7874,"skY":43.7874}},{"tweenEasing":0,"duration":4,"transform":{"skX":15.3741,"skY":15.3741}},{"tweenEasing":0,"duration":4,"transform":{"skX":32.3293,"skY":32.3293}},{"tweenEasing":0,"duration":4,"transform":{"skX":60.1748,"skY":60.1748}},{"tweenEasing":0,"duration":4,"transform":{"skX":100.6088,"skY":100.6088}},{"tweenEasing":0,"duration":4,"transform":{"skX":61.2001,"skY":61.2001}},{"duration":0,"transform":{"skX":39.2834,"skY":39.2834}}],"name":"儗僀儎乕_10_偺僐僺乕"},{"frame":[{"tweenEasing":0,"duration":4,"transform":{"skX":-25.8375,"skY":-25.8375}},{"tweenEasing":0,"duration":4,"transform":{"skX":-38.4882,"skY":-38.4882}},{"tweenEasing":0,"duration":8,"transform":{"skX":-57.7188,"skY":-57.7188}},{"tweenEasing":0,"duration":4,"transform":{"skX":-77.8886,"skY":-77.8886}},{"tweenEasing":0,"duration":4,"transform":{"skX":-31.1033,"skY":-31.1033}},{"tweenEasing":0,"duration":4,"transform":{"skX":10.4981,"skY":10.4981}},{"tweenEasing":0,"duration":4,"transform":{"skX":-25.8375,"skY":-25.8375}},{"duration":0,"transform":{"skX":-25.8375,"skY":-25.8375}}],"name":"儗僀儎乕_12"}],"slot":[],"ffd":[],"ik":[],"name":"walk","playTimes":0},{"frame":[],"duration":0,"bone":[{"frame":[{"duration":0,"transform":{}}],"name":"root"},{"frame":[{"duration":0,"transform":{}}],"name":"儗僀儎乕_11_偺僐僺乕"},{"frame":[{"duration":0,"transform":{}}],"name":"儗僀儎乕_10_偺僐僺乕"},{"frame":[{"duration":0,"transform":{}}],"name":"儗僀儎乕_12"}],"slot":[],"ffd":[],"ik":[],"name":"stay","playTimes":0}],"frameRate":24,"defaultActions":[{"gotoAndPlay":"walk"}]}]}